"","A","R","N","D","C","E","Q","G","H","I","L","K","M","F","P","S","T","W","Y","V","Region"
"Australia",0.068630214205186,0.0343855693348365,0.0541149943630214,0.0548196166854566,0.0318489289740699,0.0479143179255919,0.0336809470124014,0.0580608793686584,0.0204340473506201,0.048337091319053,0.0941375422773394,0.0611612175873732,0.0236753100338219,0.0491826381059752,0.0386133032694476,0.0642615558060879,0.0742671927846674,0.0109921082299887,0.0472096956031567,0.0842728297632469,"Afro Australia"
"Brazil",0.068630214205186,0.0343855693348365,0.0541149943630214,0.0548196166854566,0.0318489289740699,0.0479143179255919,0.0336809470124014,0.0580608793686584,0.0204340473506201,0.048337091319053,0.0939966178128523,0.0611612175873732,0.0236753100338219,0.0493235625704622,0.0386133032694476,0.0642615558060879,0.0742671927846674,0.0109921082299887,0.0472096956031567,0.0842728297632469,"South America"
"China",0.068630214205186,0.0343855693348365,0.0541149943630214,0.0548196166854566,0.0318489289740699,0.0479143179255919,0.0336809470124014,0.0580608793686584,0.0204340473506201,0.048337091319053,0.0941375422773394,0.0611612175873732,0.0236753100338219,0.0491826381059752,0.0386133032694476,0.0642615558060879,0.0742671927846674,0.0109921082299887,0.0472096956031567,0.0842728297632469,"Asia"
"China_W",0.068771138669673,0.0343855693348365,0.0541149943630214,0.0546786922209696,0.0318489289740699,0.0479143179255919,0.0336809470124014,0.0580608793686584,0.0204340473506201,0.04847801578354,0.0941375422773394,0.0611612175873732,0.0236753100338219,0.0491826381059752,0.0386133032694476,0.0642615558060879,0.0741262683201804,0.0109921082299887,0.0472096956031567,0.0842728297632469,"Asia"
"Czech_Republic",0.068630214205186,0.0343855693348365,0.0541149943630214,0.0548196166854566,0.0318489289740699,0.0479143179255919,0.0336809470124014,0.0580608793686584,0.0204340473506201,0.048337091319053,0.0942784667418264,0.0611612175873732,0.0236753100338219,0.0491826381059752,0.0384723788049605,0.0642615558060879,0.0742671927846674,0.0109921082299887,0.0472096956031567,0.0842728297632469,"Europe"
"France",0.068630214205186,0.0343855693348365,0.0541149943630214,0.0548196166854566,0.0319898534385569,0.0479143179255919,0.0336809470124014,0.0580608793686584,0.0204340473506201,0.048337091319053,0.0942784667418264,0.0611612175873732,0.0236753100338219,0.0491826381059752,0.0384723788049605,0.0642615558060879,0.0742671927846674,0.0109921082299887,0.0470687711386697,0.0842728297632469,"Europe"
"Greece",0.068630214205186,0.0343855693348365,0.0541149943630214,0.0548196166854566,0.0318489289740699,0.0479143179255919,0.0336809470124014,0.0580608793686584,0.0204340473506201,0.048337091319053,0.0941375422773394,0.0611612175873732,0.0236753100338219,0.0490417136414882,0.0386133032694476,0.0642615558060879,0.0742671927846674,0.0109921082299887,0.0473506200676437,0.0842728297632469,"Europe"
"Hong_Kong",0.068630214205186,0.0343855693348365,0.0541149943630214,0.0548196166854566,0.0318489289740699,0.0479143179255919,0.0336809470124014,0.0580608793686584,0.0204340473506201,0.048337091319053,0.0941375422773394,0.0611612175873732,0.0235343855693348,0.0491826381059752,0.0386133032694476,0.0642615558060879,0.0744081172491545,0.0109921082299887,0.0472096956031567,0.0842728297632469,"Asia"
"India",0.068489289740699,0.0343855693348365,0.0541149943630214,0.0548196166854566,0.0318489289740699,0.0479143179255919,0.0336809470124014,0.0580608793686584,0.0204340473506201,0.048196166854566,0.0941375422773394,0.0611612175873732,0.0236753100338219,0.0491826381059752,0.0384723788049605,0.064402480270575,0.0744081172491545,0.0109921082299887,0.0472096956031567,0.0844137542277339,"South Asia"
"Iran",0.068630214205186,0.0343855693348365,0.0541149943630214,0.0548196166854566,0.0318489289740699,0.0479143179255919,0.0336809470124014,0.0580608793686584,0.0204340473506201,0.0486189402480271,0.0939966178128523,0.0611612175873732,0.0236753100338219,0.0493235625704622,0.0386133032694476,0.0642615558060879,0.0741262683201804,0.0109921082299887,0.0472096956031567,0.0841319052987599,"Asia"
"Israel",0.068630214205186,0.0343855693348365,0.0541149943630214,0.0548196166854566,0.0318489289740699,0.0479143179255919,0.0336809470124014,0.0580608793686584,0.0204340473506201,0.048337091319053,0.0939966178128523,0.0611612175873732,0.0236753100338219,0.0493235625704622,0.0386133032694476,0.0642615558060879,0.0742671927846674,0.0109921082299887,0.0472096956031567,0.0842728297632469,"Asia"
"Italy",0.068630214205186,0.0343855693348365,0.0541149943630214,0.0548196166854566,0.0318489289740699,0.0479143179255919,0.0336809470124014,0.0580608793686584,0.0204340473506201,0.048337091319053,0.0939966178128523,0.0611612175873732,0.0236753100338219,0.0493235625704622,0.0386133032694476,0.0642615558060879,0.0742671927846674,0.0109921082299887,0.0472096956031567,0.0842728297632469,"Europe"
"Kazakhstan",0.0684989429175476,0.0342494714587738,0.054122621564482,0.0549682875264271,0.0319943622269204,0.0477801268498943,0.0336856941508104,0.0580690627202255,0.0204369274136716,0.0484848484848485,0.0940098661028894,0.0613107822410148,0.0235377026074701,0.0493305144467935,0.0386187455954898,0.0642706131078224,0.0742776603241719,0.0109936575052854,0.0472163495419309,0.0841437632135307,"Asia"
"Malaysia",0.068489289740699,0.0345264937993236,0.0541149943630214,0.0548196166854566,0.0318489289740699,0.0479143179255919,0.0336809470124014,0.0580608793686584,0.0204340473506201,0.048337091319053,0.0939966178128523,0.0613021420518602,0.0236753100338219,0.0493235625704622,0.0386133032694476,0.0641206313416009,0.0741262683201804,0.0109921082299887,0.0472096956031567,0.0844137542277339,"Asia"
"Nepal",0.068630214205186,0.0343855693348365,0.0541149943630214,0.0548196166854566,0.0318489289740699,0.0479143179255919,0.0336809470124014,0.0580608793686584,0.0204340473506201,0.048337091319053,0.0941375422773394,0.0611612175873732,0.0236753100338219,0.0491826381059752,0.0386133032694476,0.0642615558060879,0.0742671927846674,0.0109921082299887,0.0472096956031567,0.0842728297632469,"South Asia"
"Netherlands",0.068489289740699,0.0343855693348365,0.0541149943630214,0.0548196166854566,0.0318489289740699,0.0480552423900789,0.0336809470124014,0.0579199549041714,0.0204340473506201,0.048337091319053,0.0942784667418264,0.0611612175873732,0.0236753100338219,0.0491826381059752,0.0384723788049605,0.0642615558060879,0.0742671927846674,0.0109921082299887,0.0472096956031567,0.0844137542277339,"Europe"
"Pakistan",0.0686053077357425,0.0344438170525127,0.0540654997176736,0.0547713156408809,0.0319028797289667,0.0479954827780915,0.0337380011293055,0.0581592320722756,0.0204686617730096,0.0484189723320158,0.0940146809712027,0.0612648221343874,0.0237154150197628,0.0488424618859401,0.0386787125917561,0.0643704121964992,0.0743929983060418,0.0108695652173913,0.0468661773009599,0.0844155844155844,"South Asia"
"Peru",0.068630214205186,0.0343855693348365,0.0539740698985344,0.0549605411499436,0.0318489289740699,0.0479143179255919,0.0336809470124014,0.0580608793686584,0.0204340473506201,0.048337091319053,0.0942784667418264,0.0611612175873732,0.0236753100338219,0.0491826381059752,0.0384723788049605,0.0642615558060879,0.0742671927846674,0.0109921082299887,0.0472096956031567,0.0842728297632469,"South America"
"Puerto_Rico",0.068630214205186,0.0343855693348365,0.0541149943630214,0.0548196166854566,0.0319898534385569,0.0479143179255919,0.0336809470124014,0.0580608793686584,0.0204340473506201,0.048337091319053,0.0942784667418264,0.0611612175873732,0.0236753100338219,0.0491826381059752,0.0384723788049605,0.0642615558060879,0.0742671927846674,0.0109921082299887,0.0470687711386697,0.0842728297632469,"South America"
"South_Africa",0.068630214205186,0.0343855693348365,0.0541149943630214,0.0548196166854566,0.0318489289740699,0.0479143179255919,0.0336809470124014,0.0580608793686584,0.0204340473506201,0.048337091319053,0.0942784667418264,0.0611612175873732,0.0236753100338219,0.0491826381059752,0.0384723788049605,0.0642615558060879,0.0742671927846674,0.0109921082299887,0.0472096956031567,0.0842728297632469,"Afro Australia"
"South_Korea",0.068630214205186,0.0343855693348365,0.0541149943630214,0.0548196166854566,0.0318489289740699,0.0479143179255919,0.0336809470124014,0.0580608793686584,0.0204340473506201,0.04847801578354,0.0941375422773394,0.0611612175873732,0.0236753100338219,0.0491826381059752,0.0386133032694476,0.0642615558060879,0.0741262683201804,0.0109921082299887,0.0472096956031567,0.0842728297632469,"Asia"
"Spain",0.068630214205186,0.0343855693348365,0.0541149943630214,0.0548196166854566,0.0318489289740699,0.0479143179255919,0.0336809470124014,0.0580608793686584,0.0204340473506201,0.048337091319053,0.0941375422773394,0.0611612175873732,0.0236753100338219,0.0490417136414882,0.0386133032694476,0.0642615558060879,0.0742671927846674,0.0109921082299887,0.0473506200676437,0.0842728297632469,"Europe"
"Sri_Lanka",0.068630214205186,0.0343855693348365,0.0541149943630214,0.0548196166854566,0.0318489289740699,0.0479143179255919,0.0336809470124014,0.0580608793686584,0.0204340473506201,0.0486189402480271,0.0939966178128523,0.0611612175873732,0.0235343855693348,0.0494644870349493,0.0386133032694476,0.0641206313416009,0.0742671927846674,0.0109921082299887,0.0472096956031567,0.0841319052987599,"South Asia"
"Sweden",0.068630214205186,0.0343855693348365,0.0541149943630214,0.0548196166854566,0.0318489289740699,0.0479143179255919,0.0336809470124014,0.0579199549041714,0.0204340473506201,0.048337091319053,0.0942784667418264,0.0611612175873732,0.0236753100338219,0.0490417136414882,0.0386133032694476,0.064402480270575,0.0742671927846674,0.0109921082299887,0.0472096956031567,0.0842728297632469,"Europe"
"Taiwan",0.068630214205186,0.0343855693348365,0.0541149943630214,0.0548196166854566,0.0318489289740699,0.0479143179255919,0.0336809470124014,0.0580608793686584,0.0204340473506201,0.048337091319053,0.0941375422773394,0.0611612175873732,0.0236753100338219,0.0491826381059752,0.0386133032694476,0.0642615558060879,0.0742671927846674,0.0109921082299887,0.0472096956031567,0.0842728297632469,"Asia"
"Turkey",0.068630214205186,0.0343855693348365,0.0541149943630214,0.0548196166854566,0.0318489289740699,0.0479143179255919,0.0336809470124014,0.0580608793686584,0.0204340473506201,0.04847801578354,0.0939966178128523,0.0611612175873732,0.0236753100338219,0.0493235625704622,0.0386133032694476,0.0642615558060879,0.0742671927846674,0.0109921082299887,0.0472096956031567,0.0841319052987599,"Asia"
"USA_CA",0.068630214205186,0.0343855693348365,0.0541149943630214,0.0548196166854566,0.0318489289740699,0.0479143179255919,0.0336809470124014,0.0580608793686584,0.0204340473506201,0.048337091319053,0.0941375422773394,0.0611612175873732,0.0236753100338219,0.0491826381059752,0.0386133032694476,0.0642615558060879,0.0742671927846674,0.0109921082299887,0.0472096956031567,0.0842728297632469,"North America"
"USA_FL",0.068630214205186,0.0343855693348365,0.0541149943630214,0.0548196166854566,0.0318489289740699,0.0479143179255919,0.0336809470124014,0.0580608793686584,0.0204340473506201,0.048337091319053,0.0942784667418264,0.0611612175873732,0.0236753100338219,0.0491826381059752,0.0384723788049605,0.0642615558060879,0.0742671927846674,0.0109921082299887,0.0472096956031567,0.0842728297632469,"North America"
"USA_MN",0.0686205438917853,0.034380724249683,0.0541073693109765,0.0548118923488798,0.0319853459208116,0.0479075665774271,0.0336762012117796,0.0581936029308158,0.0204311680991968,0.0483302804001691,0.0942651824714668,0.0611525996900099,0.0236719740735522,0.0494575172608144,0.0384669578695223,0.0639706918416232,0.074256728195012,0.0109905593912921,0.0470621389319431,0.0842609553332394,"North America"
"USA_NY",0.068630214205186,0.0343855693348365,0.0541149943630214,0.0546786922209696,0.0318489289740699,0.0480552423900789,0.0336809470124014,0.0580608793686584,0.0204340473506201,0.04847801578354,0.0944193912063134,0.0611612175873732,0.0235343855693348,0.0490417136414882,0.0384723788049605,0.0642615558060879,0.0742671927846674,0.0109921082299887,0.0472096956031567,0.0842728297632469,"North America"
"Viet_Nam",0.068630214205186,0.0342446448703495,0.0541149943630214,0.0548196166854566,0.0319898534385569,0.0479143179255919,0.0336809470124014,0.0580608793686584,0.0204340473506201,0.048337091319053,0.0941375422773394,0.0611612175873732,0.0236753100338219,0.0491826381059752,0.0386133032694476,0.0642615558060879,0.0742671927846674,0.0109921082299887,0.0472096956031567,0.0842728297632469,"Asia"
